{"cameraMode":{"drawMode":0,"name":"Shaded","section":"Shading Mode"},"sceneLighting":true,"audioPlay":false,"sceneViewState":{"showFog":true,"showMaterialUpdate":false,"showSkybox":true,"showFlares":true,"showImageEffects":true,"showParticleSystems":true,"showVisualEffectGraphs":true,"m_FxEnabled":true},"in2DMode":false,"pivot":{"x":1565.9061279296875,"y":832.8051147460938,"z":-1509.2449951171875},"rotation":{"x":0.04523929953575134,"y":0.9524852633476257,"z":-0.17658202350139619,"w":0.24402248859405518},"size":6.245773792266846,"orthographic":false}